Name,Condition,Price,New_Listing,Image_Link
"Sanei Kirby 5.5"" Plush Stuffed Doll (KP01) - Kirby Adventure All Star Collection",Brand New,$13.94,False,https://i.ebayimg.com/thumbs/images/g/ITEAAOSw9p9ajK16/s-l225.jpg
Kirby Plush 14 Inch Very Soft Stuffed Animal Kawaii Pink  sailor Star Kirby,Brand New,$22.88,False,https://i.ebayimg.com/thumbs/images/g/3HsAAOSwDpRiPOGI/s-l225.jpg
"Kirby 5.5"" Plush Toy Little Buddy Kirby Adventure All Star Collection Doll",Brand New,$8.96,False,https://i.ebayimg.com/thumbs/images/g/xToAAOSwr2diYPVV/s-l225.jpg
Kirby Sitting Plush,Pre-Owned,$10.00,True,https://i.ebayimg.com/thumbs/images/g/6FgAAOSwcPJjPERD/s-l225.jpg
"Kirby plush 10"" King Dedede Plush Doll",Brand New,$18.88,False,https://i.ebayimg.com/thumbs/images/g/2X8AAOSwnMtiYxm7/s-l225.jpg
"6"" Kirby Super Star Plush Toys Cute Kirby Soft Stuffed Doll Kid Xmas Gifts",Brand New,$9.59 to $9.89,False,https://i.ebayimg.com/thumbs/images/g/~skAAOSwBUdi1RK3/s-l225.jpg
Kirby chef kawasaki plush doll anime video game kawaii,Pre-Owned,$8.38,False,https://i.ebayimg.com/thumbs/images/g/iNUAAOSwkWNixq7q/s-l225.jpg
JUMBO Kirby Adventure Run Kirby Plush Toy Super Soft Cushion Pillow RARE Doll ,Brand New,$28.99,False,https://i.ebayimg.com/thumbs/images/g/A5wAAOSwXqZbOK1J/s-l225.jpg
NEW Kirby Galacta Knight Plush Doll Kirby Star Allies Collection Stuffed Doll,Brand New,$18.15,False,https://i.ebayimg.com/thumbs/images/g/kqYAAOSw2SRjEB65/s-l225.jpg
"Kirby Plush 8""  with Sword. NEW with TAGS!!!! Very Soft!!!   RARE!!!!",Brand New,$25.00,False,https://i.ebayimg.com/thumbs/images/g/z-AAAOSwgctjO0ZJ/s-l225.jpg
Kirby Super Star Plush doll ALL STAR COLLECTION Ribbonn S Size Japan NEW,Brand New,$23.63,False,https://i.ebayimg.com/thumbs/images/g/mEwAAOSwVBJi-b6u/s-l225.jpg
"Kirby Plush 6""",Pre-Owned,$10.00,False,https://i.ebayimg.com/thumbs/images/g/QVEAAOSwXGJjHjL6/s-l225.jpg
23CM Star Kirby Plush Toy Muscle Kirby Soft Stuffed Plush Toy,Brand New,$25.99,False,https://i.ebayimg.com/thumbs/images/g/a8cAAOSwyRNi9G2g/s-l225.jpg
Large Kirby Kirby with star Plush Japan NEW,Brand New,$20.92,False,https://i.ebayimg.com/thumbs/images/g/akEAAOSwC4Beow1w/s-l225.jpg
Kirby Plush Mascot Keychain Key Ring Kirby Nintendo Japan Toy Gift by Random 1PC,Brand New,$9.02,False,https://i.ebayimg.com/thumbs/images/g/dEkAAOSwDmBY5bUU/s-l225.jpg
Kirby Plush Nintendo Japan 9'',Pre-Owned,$12.99,False,https://i.ebayimg.com/thumbs/images/g/2nIAAOSwIbJi9wPW/s-l225.jpg
Kirby King DeDeDe Plush Doll Stuffed Animal Toy10 inch Kids Gift,Brand New,$18.99,False,https://i.ebayimg.com/thumbs/images/g/aaoAAOSwvytgqdxm/s-l225.jpg
Kirby Super Star Plush All Star Collection Buddy Kirby Stuffed Doll Xmas Gift US,Brand New,$6.89 to $16.99,False,https://i.ebayimg.com/thumbs/images/g/YTwAAOSwpjliYMwi/s-l225.jpg
BANDAI SPIRITS Kirby of the Stars Rick stuffed 30cm plush doll toy anime   63O E,Pre-Owned,$52.44,False,https://i.ebayimg.com/thumbs/images/g/GfMAAOSwTzhjKN0n/s-l225.jpg
Kawaii Kirby Pink Bunny Rabbit Cosplay Fluffy Plush Keychain Backpack Clip Cute,Brand New,$18.95,False,https://i.ebayimg.com/thumbs/images/g/yoQAAOSwsO9ip8RK/s-l225.jpg
Kirby Super Star Plush doll ALL STAR COLLECTION Bandana Waddle Dee Japan NEW,Brand New,$39.99,False,https://i.ebayimg.com/thumbs/images/g/UD0AAOSwr7Jie~Xy/s-l225.jpg
"RARE Kirby Sweets Pancake 16"" Plush Toy Doll Cushion Pillow Nintendo",Pre-Owned,$49.99,False,https://i.ebayimg.com/thumbs/images/g/N1YAAOSw3RxiziVn/s-l225.jpg
2 Kirby Plush Dolls Meta Knight with Sword and Link Nintendo Good Condition,Pre-Owned,$50.00,False,https://i.ebayimg.com/thumbs/images/g/fGcAAOSw2LljDDFs/s-l225.jpg
[US STOCK] Kirby Awoofy ALL STAR COLLECTION Super Star Plush doll Sanei New Dog,Brand New,$30.48,False,https://i.ebayimg.com/thumbs/images/g/YmcAAOSwZAhjDgc5/s-l225.jpg
54cm Kirby Adventure All Star  Plush Toy Stuffed Doll Pillow Cushion Gift,Brand New,$29.99,False,https://i.ebayimg.com/thumbs/images/g/4h4AAOSw1~NiumQI/s-l225.jpg
Kirby Adventure All Star Yellow Kirby Plush Doll Collection Soft  Toy 5.5 inch,Brand New,$10.99,False,https://i.ebayimg.com/thumbs/images/g/QQMAAOSwzeVjKTDZ/s-l225.jpg
"Kirby's Adventure All Star Collection Sword Kirby 6"" Plush Toy NEW",Brand New,$9.99,False,https://i.ebayimg.com/thumbs/images/g/00UAAOSwn8djEtI9/s-l225.jpg
NEW Super Kawaii Game Kirby Tote bag Handbag Shoulder Bag shopping bag plush,Brand New,$14.55,False,https://i.ebayimg.com/thumbs/images/g/croAAOSwQURebLDr/s-l225.jpg
Kirby 30th Anniversary big plush,Brand New,$50.00,False,https://i.ebayimg.com/thumbs/images/g/MBcAAOSwzdhjDntB/s-l225.jpg
Kirby Multicolor Corduroy Petit plush Mascot Toy Yellow Prize 5cm Japan,Pre-Owned,$17.99,False,https://i.ebayimg.com/thumbs/images/g/HgEAAOSwanpiJWx0/s-l225.jpg
Kirby Plush Doll Stuffed Animal Plushie Green Figure Toy Kids Birthday Gift 5'',Brand New,$9.89,False,https://i.ebayimg.com/thumbs/images/g/jkQAAOSwzBli2rQ0/s-l225.jpg
Kirby Plush 14 Inch Very Soft Stuffed Animal Kawaii Pink Chef Hat Star Kirby,Brand New,$21.88,False,https://i.ebayimg.com/thumbs/images/g/dW4AAOSwe3hiPOAc/s-l225.jpg
New Nintendo Game Kirby 30 cm Large Plush doll Manpuku Mochi Mochi,Brand New,$23.65,False,https://i.ebayimg.com/thumbs/images/g/gLoAAOSwubZZ62fv/s-l225.jpg
Kirby Magolor Meta Knight Plush Toys Buddy Stuffed Cute Doll Kids Xmas Gifts US,Brand New,$16.99,False,https://i.ebayimg.com/thumbs/images/g/aiwAAOSwuutidjRW/s-l225.jpg
Kirby Adventure All Star Collection Waddle Dee Stuffed Plush Doll Toy,Brand New,$11.72,False,https://i.ebayimg.com/thumbs/images/g/IyEAAOSwPfhbg24c/s-l225.jpg
Kirby Super Star Cos Mario Luigi Plush Toy Kirby Stuffed Cute Doll Birthday Gift,Brand New,$11.99,False,https://i.ebayimg.com/thumbs/images/g/2kMAAOSwp9NidjeC/s-l225.jpg
Kirby The Star 25th Anniversary Classic Plush Toy San-Ei Trade,Pre-Owned,$318.00,True,https://i.ebayimg.com/thumbs/images/g/OhgAAOSwJVtjO4q~/s-l225.jpg
"New Beam Kirby Plush Perfect for gifting, accessorizing, etc ",Brand New,$12.00,False,https://i.ebayimg.com/thumbs/images/g/MbIAAOSwF0ti2cIF/s-l225.jpg
Kirby Riding Star 25th Anniversary Pull Back Car Plush Toy Doll / Nikkori,Pre-Owned,$25.99,False,https://i.ebayimg.com/thumbs/images/g/12UAAOSwjaZi7tZc/s-l225.jpg
Kirby Plush Keychain Warp Star Club Mocchi Mocchi Clip-On TOMY,Brand New,$17.95,False,https://i.ebayimg.com/thumbs/images/g/82cAAOSw4E5iEcRt/s-l225.jpg
Kirby Nintendo 5’’ Plush - Ninja Kirby,Pre-Owned,$15.90,False,https://i.ebayimg.com/thumbs/images/g/EZoAAOSwijhjJoDx/s-l225.jpg
Kirby ALL STAR COLLECTION Plush Adeleine Ribbon set 2022,Brand New,$63.57,False,https://i.ebayimg.com/thumbs/images/g/2iUAAOSw74tiz6iu/s-l225.jpg
Kirby's Dream Land 30th Anniversary Classic Plush Doll Kirby Stuffed Limited,Brand New,$44.00,False,https://i.ebayimg.com/thumbs/images/g/aQ8AAOSw4bJjFc~i/s-l225.jpg
 Kirby with cellphone 9cm Plush doll key ring Strap Cute Toy Gift,Brand New,$0.01,False,https://i.ebayimg.com/thumbs/images/g/lVsAAOSwx~1isySl/s-l225.jpg
"5.5"" Kirby Plush Toy Little Buddy Kirby Adventure All Star Collection Gift",Brand New,$9.89,False,https://i.ebayimg.com/thumbs/images/g/xToAAOSwr2diYPVV/s-l225.jpg
Kirby Super Star Plush doll Knit type Waddle Dee Japan NEW,Brand New,$39.99,False,https://i.ebayimg.com/thumbs/images/g/Z8gAAOSwDhtjB5eI/s-l225.jpg
Kirby Pink Plush Keychain Nintendo Banpresto Japan with Neck Strap.,Brand New,$14.99,False,https://i.ebayimg.com/thumbs/images/g/i-oAAOSwgRRjEYtu/s-l225.jpg
[US STOCK] Kirby Daroach ALL STAR COLLECTION Super Star Plush doll Sanei New,Brand New,$36.94,False,https://i.ebayimg.com/thumbs/images/g/LPIAAOSwT1ZjDguf/s-l225.jpg
Kirby Plush Mascot Keychain Key Ring Kirby Nintendo Japan Toy Gift New  2”,Brand New,$12.00,False,https://i.ebayimg.com/thumbs/images/g/8zwAAOSwIWtjKi8v/s-l225.jpg
13 inch Cartoon Kirby Plush Toy Stuffed Soft Doll Pillow Cushion Gift 34cm,Brand New,$16.90,True,https://i.ebayimg.com/thumbs/images/g/kdoAAOSwx~FjO5y2/s-l225.jpg
Large Kirby Adventure Stuffed Animal Toy Pillow Gift Kawaii Plush Soft Doll,Brand New,$14.99 to $32.99,False,https://i.ebayimg.com/thumbs/images/g/~e8AAOSwaiZiO4vk/s-l225.jpg
NEW Little Buddy Kirby's Adventure 6-Inch Standing Plush G3/12,Brand New,$9.99,False,https://i.ebayimg.com/thumbs/images/g/nUEAAOSwBoZilhTi/s-l225.jpg
"Kirby Cleaning Plush 5"" Star Allies Little Buddy 1459",Brand New,$16.95,False,https://i.ebayimg.com/thumbs/images/g/XHoAAOSwH-RfuIDT/s-l225.jpg
Hoshi no Kirby 9cm Plush doll key ring Hovering type Cute Toy Gift,Brand New,$10.00,False,https://i.ebayimg.com/thumbs/images/g/yPcAAOSwmEJa6S3C/s-l225.jpg
Kirby King Dedede Plush Doll Figure Soft Stuffed Animal Toy 10 inch Xmas Gift,Brand New,$15.99,False,https://i.ebayimg.com/thumbs/images/g/rCEAAOSwkQxa3-~8/s-l225.jpg
"Kirby All Star Collection Plush 5.5"" Kirby's Adventure Little Buddy 1400",Brand New,$14.95,False,https://i.ebayimg.com/thumbs/images/g/xVEAAOSwTwZfqg7a/s-l225.jpg
Kirby's Dream Plush Doll Nintendo game japan NES,Brand New,$11.52,False,https://i.ebayimg.com/thumbs/images/g/o28AAOSwsWRgi4i2/s-l225.jpg
Kirby King Dedede Plush Doll Stuffed Animal Figure Plushie Soft Toy Gift - 10 In,Brand New,$18.99,False,https://i.ebayimg.com/thumbs/images/g/A8MAAOSwme5ehV-q/s-l225.jpg
Large Kirby Adventure Stuffed Animal Toy Gift Doll Pillow Kawaii Plush Soft ,Brand New,$35.99,False,https://i.ebayimg.com/thumbs/images/g/qHcAAOSwp6tf-JIl/s-l225.jpg
"Elfilin Kirby Plush,Kirby and The Forgotten Soft Stuffed Animal Land Plushie Toy",Brand New,$17.99,False,https://i.ebayimg.com/thumbs/images/g/TVAAAOSw2T1iZF2H/s-l225.jpg
Sanei Pupupu Puppet Kirbys Dream Land Kirby Plush Doll Toy,Brand New,$61.13,False,https://i.ebayimg.com/thumbs/images/g/QRwAAOSwXQReuSU8/s-l225.jpg
Kirby Super Star Plush doll Suya Suya Friends Waddle Dee S Size Japan NEW,Brand New,$36.99,False,https://i.ebayimg.com/thumbs/images/g/X1gAAOSwqJZjOyyS/s-l225.jpg
Osute Kirby 30th Anniversary Plush Doll Nuqueeze Panic! Kirby *US Seller*,Brand New,$18.99,False,https://i.ebayimg.com/thumbs/images/g/AScAAOSw2LljCN6X/s-l225.jpg
Kirby's Adventure Plush Morpho Knight Galacta Knight Plush Toy stuffed Doll,Brand New,$18.07,False,https://i.ebayimg.com/thumbs/images/g/izsAAOSwUNdjDjAU/s-l225.jpg
"Yellow Kirby Plush Keychain 3"" Japanese writing Nintendo",Brand New,$11.87,False,https://i.ebayimg.com/thumbs/images/g/4M4AAOSwSCpdaUh~/s-l225.jpg
